<beans xmlns="http://www.springframework.org/schema/beans" xmlns:xsi="http://www.w3.org/2001/XMLSchema-instance" xmlns:p="http://www.springframework.org/schema/p"
       xsi:schemaLocation="http://www.springframework.org/schema/beans http://www.springframework.org/schema/beans/spring-beans-3.0.xsd">

    <!-- ADD ANY BEAN DEFINITION YOU WANT TO BE AVAILABLE TO THE PLATFORM ACCESSOR -->

    <!--
    <bean id="platformWordSearchExclusionMappings" parent="defaultPlatformWordSearchExclusionMappings" class="org.springframework.beans.factory.config.SetFactoryBean">
        <property name="targetSetClass">
            <value>java.util.HashSet</value>
        </property>
        <property name="sourceSet">
            <list merge="true">
                <value>org.bonitasoft.engine.identity.model.SUser</value>
            </list>
        </property>
    </bean>
    -->

    <!--
    <bean id="tenantWordSearchExclusionMappings" parent="defaultTenantWordSearchExclusionMappings" class="org.springframework.beans.factory.config.SetFactoryBean">
        <property name="targetSetClass">
            <value>java.util.HashSet</value>
        </property>
        <property name="sourceSet">
            <list merge="true">
                <value>org.bonitasoft.engine.identity.model.SUser</value>
            </list>
        </property>
    </bean>
    -->
</beans>
